column_name;total_non_null;num_categories;most_frequent_value;most_frequent_count;most_frequent_percentage;distribution;percentage_distribution
cclin02_wais4;4028;3;0.0;89;2.21;{0.0: np.int64(89), 1.0: np.int64(3562), 2.0: np.int64(377)};{0.0: np.float64(2.21), 1.0: np.float64(88.43), 2.0: np.float64(9.36)}
cclin03_wais4;4028;2;0.0;169;4.2;{0.0: np.int64(169), 1.0: np.int64(3859)};{0.0: np.float64(4.2), 1.0: np.float64(95.8)}
cclin04_wais4;3935;2;0.0;3377;85.82;{0.0: np.int64(3377), 1.0: np.int64(558)};{0.0: np.float64(85.82), 1.0: np.float64(14.18)}
cclin05_wais4;4047;2;0.0;757;18.71;{0.0: np.int64(757), 1.0: np.int64(3290)};{0.0: np.float64(18.71), 1.0: np.float64(81.29)}
cclin06_wais4;3973;2;0.0;1099;27.66;{0.0: np.int64(1099), 1.0: np.int64(2874)};{0.0: np.float64(27.66), 1.0: np.float64(72.34)}
cclin07_wais4;3940;2;0.0;52;1.32;{0.0: np.int64(52), 1.0: np.int64(3888)};{0.0: np.float64(1.32), 1.0: np.float64(98.68)}
cclin09_wais4;4041;2;0.0;114;2.82;{0.0: np.int64(114), 1.0: np.int64(3927)};{0.0: np.float64(2.82), 1.0: np.float64(97.18)}
cclin10_wais4;4042;2;0.0;96;2.38;{0.0: np.int64(96), 1.0: np.int64(3946)};{0.0: np.float64(2.38), 1.0: np.float64(97.62)}
cclin11_wais4;4045;2;0.0;119;2.94;{0.0: np.int64(119), 1.0: np.int64(3926)};{0.0: np.float64(2.94), 1.0: np.float64(97.06)}
cclin17_wais4;4051;1;0.0;4051;100.0;{0: np.int64(4051)};{0: np.float64(100.0)}
trbapp01_wais4;3946;3;0.0;188;4.76;{0.0: np.int64(188), 1.0: np.int64(3486), 2.0: np.int64(272)};{0.0: np.float64(4.76), 1.0: np.float64(88.34), 2.0: np.float64(6.89)}
trbapp02_wais4;3957;3;0.0;175;4.42;{0.0: np.int64(175), 1.0: np.int64(3649), 2.0: np.int64(133)};{0.0: np.float64(4.42), 1.0: np.float64(92.22), 2.0: np.float64(3.36)}
trbapp03_wais4;3960;3;0.0;165;4.17;{0.0: np.int64(165), 1.0: np.int64(3732), 2.0: np.int64(63)};{0.0: np.float64(4.17), 1.0: np.float64(94.24), 2.0: np.float64(1.59)}
trbapp04_wais4;3953;3;0.0;63;1.59;{0.0: np.int64(63), 1.0: np.int64(3873), 2.0: np.int64(17)};{0.0: np.float64(1.59), 1.0: np.float64(97.98), 2.0: np.float64(0.43)}
trbapp05_wais4;3954;3;0.0;79;2.0;{0.0: np.int64(79), 1.0: np.int64(3841), 2.0: np.int64(34)};{0.0: np.float64(2.0), 1.0: np.float64(97.14), 2.0: np.float64(0.86)}
trbapp06_wais4;3955;3;0.0;69;1.74;{0.0: np.int64(69), 1.0: np.int64(3814), 2.0: np.int64(72)};{0.0: np.float64(1.74), 1.0: np.float64(96.43), 2.0: np.float64(1.82)}
trbapp07_wais4;3956;3;0.0;14;0.35;{0.0: np.int64(14), 1.0: np.int64(3886), 2.0: np.int64(56)};{0.0: np.float64(0.35), 1.0: np.float64(98.23), 2.0: np.float64(1.42)}
trbapp08_wais4;3948;3;0.0;66;1.67;{0.0: np.int64(66), 1.0: np.int64(3828), 2.0: np.int64(54)};{0.0: np.float64(1.67), 1.0: np.float64(96.96), 2.0: np.float64(1.37)}
trbapp09_wais4;3949;3;0.0;48;1.22;{0.0: np.int64(48), 1.0: np.int64(3839), 2.0: np.int64(62)};{0.0: np.float64(1.22), 1.0: np.float64(97.21), 2.0: np.float64(1.57)}
trbapp10_wais4;3961;3;0.0;360;9.09;{0.0: np.int64(360), 1.0: np.int64(3415), 2.0: np.int64(186)};{0.0: np.float64(9.09), 1.0: np.float64(86.22), 2.0: np.float64(4.7)}
mat01_wais4;3929;2;0.0;2;0.05;{0.0: np.int64(2), 1.0: np.int64(3927)};{0.0: np.float64(0.05), 1.0: np.float64(99.95)}
mat02_wais4;3927;2;0.0;4;0.1;{0.0: np.int64(4), 1.0: np.int64(3923)};{0.0: np.float64(0.1), 1.0: np.float64(99.9)}
mat03_wais4;3927;2;0.0;1;0.03;{0.0: np.int64(1), 1.0: np.int64(3926)};{0.0: np.float64(0.03), 1.0: np.float64(99.97)}
mat04_wais4;3927;2;0.0;17;0.43;{0.0: np.int64(17), 1.0: np.int64(3910)};{0.0: np.float64(0.43), 1.0: np.float64(99.57)}
mat05_wais4;3927;2;0.0;77;1.96;{0.0: np.int64(77), 1.0: np.int64(3850)};{0.0: np.float64(1.96), 1.0: np.float64(98.04)}
mat06_wais4;3926;2;0.0;130;3.31;{0.0: np.int64(130), 1.0: np.int64(3796)};{0.0: np.float64(3.31), 1.0: np.float64(96.69)}
mat07_wais4;3926;2;0.0;316;8.05;{0.0: np.int64(316), 1.0: np.int64(3610)};{0.0: np.float64(8.05), 1.0: np.float64(91.95)}
mat08_wais4;3926;2;0.0;305;7.77;{0.0: np.int64(305), 1.0: np.int64(3621)};{0.0: np.float64(7.77), 1.0: np.float64(92.23)}
mat09_wais4;3926;2;0.0;344;8.76;{0.0: np.int64(344), 1.0: np.int64(3582)};{0.0: np.float64(8.76), 1.0: np.float64(91.24)}
mat10_wais4;3926;2;0.0;553;14.09;{0.0: np.int64(553), 1.0: np.int64(3373)};{0.0: np.float64(14.09), 1.0: np.float64(85.91)}
mat11_wais4;3926;2;0.0;537;13.68;{0.0: np.int64(537), 1.0: np.int64(3389)};{0.0: np.float64(13.68), 1.0: np.float64(86.32)}
mat12_wais4;3926;2;0.0;600;15.28;{0.0: np.int64(600), 1.0: np.int64(3326)};{0.0: np.float64(15.28), 1.0: np.float64(84.72)}
mat13_wais4;3926;2;0.0;695;17.7;{0.0: np.int64(695), 1.0: np.int64(3231)};{0.0: np.float64(17.7), 1.0: np.float64(82.3)}
mat14_wais4;3926;2;0.0;719;18.31;{0.0: np.int64(719), 1.0: np.int64(3207)};{0.0: np.float64(18.31), 1.0: np.float64(81.69)}
mat15_wais4;3926;2;0.0;1142;29.09;{0.0: np.int64(1142), 1.0: np.int64(2784)};{0.0: np.float64(29.09), 1.0: np.float64(70.91)}
mat16_wais4;3926;2;0.0;1166;29.7;{0.0: np.int64(1166), 1.0: np.int64(2760)};{0.0: np.float64(29.7), 1.0: np.float64(70.3)}
mat17_wais4;3926;2;0.0;1364;34.74;{0.0: np.int64(1364), 1.0: np.int64(2562)};{0.0: np.float64(34.74), 1.0: np.float64(65.26)}
mat18_wais4;3926;2;0.0;1626;41.42;{0.0: np.int64(1626), 1.0: np.int64(2300)};{0.0: np.float64(41.42), 1.0: np.float64(58.58)}
mat19_wais4;3926;2;0.0;1951;49.69;{0.0: np.int64(1951), 1.0: np.int64(1975)};{0.0: np.float64(49.69), 1.0: np.float64(50.31)}
mat20_wais4;3926;2;0.0;1851;47.15;{0.0: np.int64(1851), 1.0: np.int64(2075)};{0.0: np.float64(47.15), 1.0: np.float64(52.85)}
mat21_wais4;3925;2;0.0;2205;56.18;{0.0: np.int64(2205), 1.0: np.int64(1720)};{0.0: np.float64(56.18), 1.0: np.float64(43.82)}
mat22_wais4;3925;2;0.0;2116;53.91;{0.0: np.int64(2116), 1.0: np.int64(1809)};{0.0: np.float64(53.91), 1.0: np.float64(46.09)}
mat23_wais4;3925;2;0.0;2329;59.34;{0.0: np.int64(2329), 1.0: np.int64(1596)};{0.0: np.float64(59.34), 1.0: np.float64(40.66)}
mat24_wais4;3925;2;0.0;2551;64.99;{0.0: np.int64(2551), 1.0: np.int64(1374)};{0.0: np.float64(64.99), 1.0: np.float64(35.01)}
mat25_wais4;3925;2;0.0;3193;81.35;{0.0: np.int64(3193), 1.0: np.int64(732)};{0.0: np.float64(81.35), 1.0: np.float64(18.65)}
mat26_wais4;3925;2;0.0;3444;87.75;{0.0: np.int64(3444), 1.0: np.int64(481)};{0.0: np.float64(87.75), 1.0: np.float64(12.25)}
cvlt14z_wais4;3930;10;0.0;125;3.18;{0.0: np.int64(125), 1.0: np.int64(133), 2.0: np.int64(72), 3.0: np.int64(531), 4.0: np.int64(226), 5.0: np.int64(441), 6.0: np.int64(383), 7.0: np.int64(494), 8.0: np.int64(547), 9.0: np.int64(978)};{0.0: np.float64(3.18), 1.0: np.float64(3.38), 2.0: np.float64(1.83), 3.0: np.float64(13.51), 4.0: np.float64(5.75), 5.0: np.float64(11.22), 6.0: np.float64(9.75), 7.0: np.float64(12.57), 8.0: np.float64(13.92), 9.0: np.float64(24.89)}
cvlt16z_wais4;3973;8;0.0;132;3.32;{0.0: np.int64(132), 1.0: np.int64(15), 2.0: np.int64(145), 3.0: np.int64(413), 4.0: np.int64(597), 5.0: np.int64(394), 6.0: np.int64(10), 7.0: np.int64(2267)};{0.0: np.float64(3.32), 1.0: np.float64(0.38), 2.0: np.float64(3.65), 3.0: np.float64(10.4), 4.0: np.float64(15.03), 5.0: np.float64(9.92), 6.0: np.float64(0.25), 7.0: np.float64(57.06)}
cvlt17z_wais4;3951;8;0.0;154;3.9;{0.0: np.int64(154), 1.0: np.int64(18), 2.0: np.int64(165), 3.0: np.int64(558), 4.0: np.int64(339), 5.0: np.int64(4), 6.0: np.int64(6), 7.0: np.int64(2707)};{0.0: np.float64(3.9), 1.0: np.float64(0.46), 2.0: np.float64(4.18), 3.0: np.float64(14.12), 4.0: np.float64(8.58), 5.0: np.float64(0.1), 6.0: np.float64(0.15), 7.0: np.float64(68.51)}
cvlt18z_wais4;3464;10;0.0;268;7.74;{0.0: np.int64(268), 1.0: np.int64(95), 2.0: np.int64(6), 3.0: np.int64(455), 4.0: np.int64(46), 5.0: np.int64(503), 6.0: np.int64(53), 7.0: np.int64(408), 8.0: np.int64(6), 9.0: np.int64(1624)};{0.0: np.float64(7.74), 1.0: np.float64(2.74), 2.0: np.float64(0.17), 3.0: np.float64(13.14), 4.0: np.float64(1.33), 5.0: np.float64(14.52), 6.0: np.float64(1.53), 7.0: np.float64(11.78), 8.0: np.float64(0.17), 9.0: np.float64(46.88)}
tmta03_wais4;4011;5;0.0;3511;87.53;{0.0: np.int64(3511), 1.0: np.int64(454), 2.0: np.int64(40), 3.0: np.int64(5), 4.0: np.int64(1)};{0.0: np.float64(87.53), 1.0: np.float64(11.32), 2.0: np.float64(1.0), 3.0: np.float64(0.12), 4.0: np.float64(0.02)}
tmta04_wais4;4007;5;0.0;3799;94.81;{0.0: np.int64(3799), 1.0: np.int64(170), 2.0: np.int64(31), 3.0: np.int64(6), 4.0: np.int64(1)};{0.0: np.float64(94.81), 1.0: np.float64(4.24), 2.0: np.float64(0.77), 3.0: np.float64(0.15), 4.0: np.float64(0.02)}
tmta02a_wais4;4019;4;0.0;1925;47.9;{0.0: np.int64(1925), 1.0: np.int64(593), 2.0: np.int64(176), 3.0: np.int64(1325)};{0.0: np.float64(47.9), 1.0: np.float64(14.75), 2.0: np.float64(4.38), 3.0: np.float64(32.97)}
tmtb03_wais4;3979;10;0.0;3366;84.59;{0.0: np.int64(3366), 1.0: np.int64(478), 2.0: np.int64(101), 3.0: np.int64(21), 4.0: np.int64(5), 5.0: np.int64(2), 6.0: np.int64(2), 7.0: np.int64(2), 8.0: np.int64(1), 9.0: np.int64(1)};{0.0: np.float64(84.59), 1.0: np.float64(12.01), 2.0: np.float64(2.54), 3.0: np.float64(0.53), 4.0: np.float64(0.13), 5.0: np.float64(0.05), 6.0: np.float64(0.05), 7.0: np.float64(0.05), 8.0: np.float64(0.03), 9.0: np.float64(0.03)}
tmtb02a_wais4;4023;7;0.0;574;14.27;{0.0: np.int64(574), 1.0: np.int64(52), 2.0: np.int64(1491), 3.0: np.int64(23), 4.0: np.int64(776), 5.0: np.int64(1), 6.0: np.int64(1106)};{0.0: np.float64(14.27), 1.0: np.float64(1.29), 2.0: np.float64(37.06), 3.0: np.float64(0.57), 4.0: np.float64(19.29), 5.0: np.float64(0.02), 6.0: np.float64(27.49)}
tmtb05a_wais4;3499;5;0.0;223;6.37;{0.0: np.int64(223), 1.0: np.int64(8), 2.0: np.int64(2003), 3.0: np.int64(131), 4.0: np.int64(1134)};{0.0: np.float64(6.37), 1.0: np.float64(0.23), 2.0: np.float64(57.24), 3.0: np.float64(3.74), 4.0: np.float64(32.41)}
tmtba02a_wais4;3499;7;0.0;412;11.77;{0.0: np.int64(412), 1.0: np.int64(105), 2.0: np.int64(1202), 3.0: np.int64(12), 4.0: np.int64(685), 5.0: np.int64(1), 6.0: np.int64(1082)};{0.0: np.float64(11.77), 1.0: np.float64(3.0), 2.0: np.float64(34.35), 3.0: np.float64(0.34), 4.0: np.float64(19.58), 5.0: np.float64(0.03), 6.0: np.float64(30.92)}
strooa03_wais4;3950;5;0.0;3512;88.91;{0.0: np.int64(3512), 1.0: np.int64(357), 2.0: np.int64(62), 3.0: np.int64(17), 4.0: np.int64(2)};{0.0: np.float64(88.91), 1.0: np.float64(9.04), 2.0: np.float64(1.57), 3.0: np.float64(0.43), 4.0: np.float64(0.05)}
strooa04_wais4;3947;8;0.0;3782;95.82;{0.0: np.int64(3782), 1.0: np.int64(127), 2.0: np.int64(28), 3.0: np.int64(4), 4.0: np.int64(3), 5.0: np.int64(1), 6.0: np.int64(1), 7.0: np.int64(1)};{0.0: np.float64(95.82), 1.0: np.float64(3.22), 2.0: np.float64(0.71), 3.0: np.float64(0.1), 4.0: np.float64(0.08), 5.0: np.float64(0.03), 6.0: np.float64(0.03), 7.0: np.float64(0.03)}
stroob03_wais4;3959;10;0.0;2713;68.53;{0.0: np.int64(2713), 1.0: np.int64(800), 2.0: np.int64(272), 3.0: np.int64(116), 4.0: np.int64(36), 5.0: np.int64(13), 6.0: np.int64(4), 7.0: np.int64(3), 8.0: np.int64(1), 9.0: np.int64(1)};{0.0: np.float64(68.53), 1.0: np.float64(20.21), 2.0: np.float64(6.87), 3.0: np.float64(2.93), 4.0: np.float64(0.91), 5.0: np.float64(0.33), 6.0: np.float64(0.1), 7.0: np.float64(0.08), 8.0: np.float64(0.03), 9.0: np.float64(0.03)}
stroob04_wais4;3958;8;0.0;3621;91.49;{0.0: np.int64(3621), 1.0: np.int64(255), 2.0: np.int64(53), 3.0: np.int64(18), 4.0: np.int64(6), 5.0: np.int64(3), 6.0: np.int64(1), 7.0: np.int64(1)};{0.0: np.float64(91.49), 1.0: np.float64(6.44), 2.0: np.float64(1.34), 3.0: np.float64(0.45), 4.0: np.float64(0.15), 5.0: np.float64(0.08), 6.0: np.float64(0.03), 7.0: np.float64(0.03)}
strooc03_wais4;3954;10;0.0;2482;62.77;{0.0: np.int64(2482), 1.0: np.int64(849), 2.0: np.int64(380), 3.0: np.int64(155), 4.0: np.int64(50), 5.0: np.int64(23), 6.0: np.int64(10), 7.0: np.int64(3), 8.0: np.int64(1), 9.0: np.int64(1)};{0.0: np.float64(62.77), 1.0: np.float64(21.47), 2.0: np.float64(9.61), 3.0: np.float64(3.92), 4.0: np.float64(1.26), 5.0: np.float64(0.58), 6.0: np.float64(0.25), 7.0: np.float64(0.08), 8.0: np.float64(0.03), 9.0: np.float64(0.03)}
fv04_wais4;3959;9;0.0;2756;69.61;{0.0: np.int64(2756), 1.0: np.int64(737), 2.0: np.int64(275), 3.0: np.int64(110), 4.0: np.int64(49), 5.0: np.int64(23), 6.0: np.int64(6), 7.0: np.int64(2), 8.0: np.int64(1)};{0.0: np.float64(69.61), 1.0: np.float64(18.62), 2.0: np.float64(6.95), 3.0: np.float64(2.78), 4.0: np.float64(1.24), 5.0: np.float64(0.58), 6.0: np.float64(0.15), 7.0: np.float64(0.05), 8.0: np.float64(0.03)}
fv06_wais4;3952;6;0.0;3750;94.89;{0.0: np.int64(3750), 1.0: np.int64(159), 2.0: np.int64(31), 3.0: np.int64(8), 4.0: np.int64(3), 5.0: np.int64(1)};{0.0: np.float64(94.89), 1.0: np.float64(4.02), 2.0: np.float64(0.78), 3.0: np.float64(0.2), 4.0: np.float64(0.08), 5.0: np.float64(0.03)}
fv07_wais4;3945;7;0.0;3669;93.0;{0.0: np.int64(3669), 1.0: np.int64(227), 2.0: np.int64(36), 3.0: np.int64(8), 4.0: np.int64(2), 5.0: np.int64(1), 6.0: np.int64(2)};{0.0: np.float64(93.0), 1.0: np.float64(5.75), 2.0: np.float64(0.91), 3.0: np.float64(0.2), 4.0: np.float64(0.05), 5.0: np.float64(0.03), 6.0: np.float64(0.05)}
fv17_wais4;3925;8;0.0;3688;93.96;{0.0: np.int64(3688), 1.0: np.int64(186), 2.0: np.int64(34), 3.0: np.int64(12), 4.0: np.int64(2), 5.0: np.int64(1), 6.0: np.int64(1), 7.0: np.int64(1)};{0.0: np.float64(93.96), 1.0: np.float64(4.74), 2.0: np.float64(0.87), 3.0: np.float64(0.31), 4.0: np.float64(0.05), 5.0: np.float64(0.03), 6.0: np.float64(0.03), 7.0: np.float64(0.03)}
fv18_wais4;3893;4;0.0;3878;99.61;{0.0: np.int64(3878), 1.0: np.int64(10), 2.0: np.int64(4), 3.0: np.int64(1)};{0.0: np.float64(99.61), 1.0: np.float64(0.26), 2.0: np.float64(0.1), 3.0: np.float64(0.03)}
msd01a_wais4;4050;2;0.0;2;0.05;{0.0: np.int64(2), 1.0: np.int64(4048)};{0.0: np.float64(0.05), 1.0: np.float64(99.95)}
msd01b_wais4;4050;2;0.0;5;0.12;{0.0: np.int64(5), 1.0: np.int64(4045)};{0.0: np.float64(0.12), 1.0: np.float64(99.88)}
msd02a_wais4;4050;2;0.0;17;0.42;{0.0: np.int64(17), 1.0: np.int64(4033)};{0.0: np.float64(0.42), 1.0: np.float64(99.58)}
msd02b_wais4;4050;2;0.0;162;4.0;{0.0: np.int64(162), 1.0: np.int64(3888)};{0.0: np.float64(4.0), 1.0: np.float64(96.0)}
msd03a_wais4;4050;2;0.0;473;11.68;{0.0: np.int64(473), 1.0: np.int64(3577)};{0.0: np.float64(11.68), 1.0: np.float64(88.32)}
msd03b_wais4;4050;2;0.0;373;9.21;{0.0: np.int64(373), 1.0: np.int64(3677)};{0.0: np.float64(9.21), 1.0: np.float64(90.79)}
msd04a_wais4;4046;2;0.0;1431;35.37;{0.0: np.int64(1431), 1.0: np.int64(2615)};{0.0: np.float64(35.37), 1.0: np.float64(64.63)}
msd04b_wais4;4046;2;0.0;1245;30.77;{0.0: np.int64(1245), 1.0: np.int64(2801)};{0.0: np.float64(30.77), 1.0: np.float64(69.23)}
msd05a_wais4;4028;2;0.0;2101;52.16;{0.0: np.int64(2101), 1.0: np.int64(1927)};{0.0: np.float64(52.16), 1.0: np.float64(47.84)}
msd05b_wais4;4026;2;0.0;1821;45.23;{0.0: np.int64(1821), 1.0: np.int64(2205)};{0.0: np.float64(45.23), 1.0: np.float64(54.77)}
msd06a_wais4;3979;2;0.0;3391;85.22;{0.0: np.int64(3391), 1.0: np.int64(588)};{0.0: np.float64(85.22), 1.0: np.float64(14.78)}
msd06b_wais4;3975;2;0.0;3462;87.09;{0.0: np.int64(3462), 1.0: np.int64(513)};{0.0: np.float64(87.09), 1.0: np.float64(12.91)}
msd07a_wais4;3911;2;0.0;3839;98.16;{0.0: np.int64(3839), 1.0: np.int64(72)};{0.0: np.float64(98.16), 1.0: np.float64(1.84)}
msd07b_wais4;3918;2;0.0;3631;92.67;{0.0: np.int64(3631), 1.0: np.int64(287)};{0.0: np.float64(92.67), 1.0: np.float64(7.33)}
msd08a_wais4;3872;2;0.0;3862;99.74;{0.0: np.int64(3862), 1.0: np.int64(10)};{0.0: np.float64(99.74), 1.0: np.float64(0.26)}
msd08b_wais4;3876;2;0.0;3856;99.48;{0.0: np.int64(3856), 1.0: np.int64(20)};{0.0: np.float64(99.48), 1.0: np.float64(0.52)}
msd01_wais4;4048;2;0.0;7;0.17;{0.0: np.int64(7), 1.0: np.int64(4041)};{0.0: np.float64(0.17), 1.0: np.float64(99.83)}
msd02_wais4;4048;3;0.0;1;0.02;{0.0: np.int64(1), 1.0: np.int64(177), 2.0: np.int64(3870)};{0.0: np.float64(0.02), 1.0: np.float64(4.37), 2.0: np.float64(95.6)}
msd03_wais4;4048;3;0.0;70;1.73;{0.0: np.int64(70), 1.0: np.int64(706), 2.0: np.int64(3272)};{0.0: np.float64(1.73), 1.0: np.float64(17.44), 2.0: np.float64(80.83)}
msd04_wais4;4044;3;0.0;535;13.23;{0.0: np.int64(535), 1.0: np.int64(1603), 2.0: np.int64(1906)};{0.0: np.float64(13.23), 1.0: np.float64(39.64), 2.0: np.float64(47.13)}
msd05_wais4;4024;3;0.0;1268;31.51;{0.0: np.int64(1268), 1.0: np.int64(1380), 2.0: np.int64(1376)};{0.0: np.float64(31.51), 1.0: np.float64(34.29), 2.0: np.float64(34.19)}
msd06_wais4;3972;3;0.0;3093;77.87;{0.0: np.int64(3093), 1.0: np.int64(657), 2.0: np.int64(222)};{0.0: np.float64(77.87), 1.0: np.float64(16.54), 2.0: np.float64(5.59)}
msd07_wais4;3901;3;0.0;3577;91.69;{0.0: np.int64(3577), 1.0: np.int64(289), 2.0: np.int64(35)};{0.0: np.float64(91.69), 1.0: np.float64(7.41), 2.0: np.float64(0.9)}
msd08_wais4;3861;3;0.0;3835;99.33;{0.0: np.int64(3835), 1.0: np.int64(22), 2.0: np.int64(4)};{0.0: np.float64(99.33), 1.0: np.float64(0.57), 2.0: np.float64(0.1)}
msi01a_wais4;4048;2;0.0;11;0.27;{0.0: np.int64(11), 1.0: np.int64(4037)};{0.0: np.float64(0.27), 1.0: np.float64(99.73)}
msi01b_wais4;4048;2;0.0;29;0.72;{0.0: np.int64(29), 1.0: np.int64(4019)};{0.0: np.float64(0.72), 1.0: np.float64(99.28)}
msi02a_wais4;4048;2;0.0;168;4.15;{0.0: np.int64(168), 1.0: np.int64(3880)};{0.0: np.float64(4.15), 1.0: np.float64(95.85)}
msi02b_wais4;4048;2;0.0;137;3.38;{0.0: np.int64(137), 1.0: np.int64(3911)};{0.0: np.float64(3.38), 1.0: np.float64(96.62)}
msi03a_wais4;4046;2;0.0;605;14.95;{0.0: np.int64(605), 1.0: np.int64(3441)};{0.0: np.float64(14.95), 1.0: np.float64(85.05)}
msi03b_wais4;4046;2;0.0;307;7.59;{0.0: np.int64(307), 1.0: np.int64(3739)};{0.0: np.float64(7.59), 1.0: np.float64(92.41)}
msi04a_wais4;4045;2;0.0;1587;39.23;{0.0: np.int64(1587), 1.0: np.int64(2458)};{0.0: np.float64(39.23), 1.0: np.float64(60.77)}
msi04b_wais4;4043;2;0.0;2219;54.88;{0.0: np.int64(2219), 1.0: np.int64(1824)};{0.0: np.float64(54.88), 1.0: np.float64(45.12)}
msi05a_wais4;3996;2;0.0;2763;69.14;{0.0: np.int64(2763), 1.0: np.int64(1233)};{0.0: np.float64(69.14), 1.0: np.float64(30.86)}
msi05b_wais4;3995;2;0.0;2676;66.98;{0.0: np.int64(2676), 1.0: np.int64(1319)};{0.0: np.float64(66.98), 1.0: np.float64(33.02)}
msi06a_wais4;3963;2;0.0;3804;95.99;{0.0: np.int64(3804), 1.0: np.int64(159)};{0.0: np.float64(95.99), 1.0: np.float64(4.01)}
msi06b_wais4;3966;2;0.0;3670;92.54;{0.0: np.int64(3670), 1.0: np.int64(296)};{0.0: np.float64(92.54), 1.0: np.float64(7.46)}
msi07a_wais4;3891;2;0.0;3813;98.0;{0.0: np.int64(3813), 1.0: np.int64(78)};{0.0: np.float64(98.0), 1.0: np.float64(2.0)}
msi07b_wais4;3891;2;0.0;3860;99.2;{0.0: np.int64(3860), 1.0: np.int64(31)};{0.0: np.float64(99.2), 1.0: np.float64(0.8)}
msi08a_wais4;3854;2;0.0;3841;99.66;{0.0: np.int64(3841), 1.0: np.int64(13)};{0.0: np.float64(99.66), 1.0: np.float64(0.34)}
msi08b_wais4;3852;2;0.0;3842;99.74;{0.0: np.int64(3842), 1.0: np.int64(10)};{0.0: np.float64(99.74), 1.0: np.float64(0.26)}
msi01_wais4;4045;2;0.0;39;0.96;{0.0: np.int64(39), 1.0: np.int64(4006)};{0.0: np.float64(0.96), 1.0: np.float64(99.04)}
msi02_wais4;4046;3;0.0;33;0.82;{0.0: np.int64(33), 1.0: np.int64(239), 2.0: np.int64(3774)};{0.0: np.float64(0.82), 1.0: np.float64(5.91), 2.0: np.float64(93.28)}
msi03_wais4;4044;3;0.0;121;2.99;{0.0: np.int64(121), 1.0: np.int64(668), 2.0: np.int64(3255)};{0.0: np.float64(2.99), 1.0: np.float64(16.52), 2.0: np.float64(80.49)}
msi04_wais4;4041;3;0.0;1121;27.74;{0.0: np.int64(1121), 1.0: np.int64(1562), 2.0: np.int64(1358)};{0.0: np.float64(27.74), 1.0: np.float64(38.65), 2.0: np.float64(33.61)}
msi05_wais4;3992;3;0.0;2163;54.18;{0.0: np.int64(2163), 1.0: np.int64(1106), 2.0: np.int64(723)};{0.0: np.float64(54.18), 1.0: np.float64(27.71), 2.0: np.float64(18.11)}
msi06_wais4;3960;3;0.0;3553;89.72;{0.0: np.int64(3553), 1.0: np.int64(359), 2.0: np.int64(48)};{0.0: np.float64(89.72), 1.0: np.float64(9.07), 2.0: np.float64(1.21)}
msi07_wais4;3883;3;0.0;3790;97.6;{0.0: np.int64(3790), 1.0: np.int64(77), 2.0: np.int64(16)};{0.0: np.float64(97.6), 1.0: np.float64(1.98), 2.0: np.float64(0.41)}
msi08_wais4;3841;3;0.0;3822;99.51;{0.0: np.int64(3822), 1.0: np.int64(15), 2.0: np.int64(4)};{0.0: np.float64(99.51), 1.0: np.float64(0.39), 2.0: np.float64(0.1)}
