column_name;data_type;total_rows;missing_count;missing_percentage;non_missing_count
cclin01_wais4;numerical;4051;0;0.0;4051
cvlt14z_wais4;categorical;4051;0;0.0;4051
mat16_wais4;categorical;4051;0;0.0;4051
mat17_wais4;categorical;4051;0;0.0;4051
mat18_wais4;categorical;4051;0;0.0;4051
mat19_wais4;categorical;4051;0;0.0;4051
mat20_wais4;categorical;4051;0;0.0;4051
mat21_wais4;categorical;4051;0;0.0;4051
mat22_wais4;categorical;4051;0;0.0;4051
mat23_wais4;categorical;4051;0;0.0;4051
mat24_wais4;categorical;4051;0;0.0;4051
mat25_wais4;categorical;4051;0;0.0;4051
mat26_wais4;categorical;4051;0;0.0;4051
cvlt16z_wais4;categorical;4051;0;0.0;4051
mat14_wais4;categorical;4051;0;0.0;4051
cvlt17z_wais4;categorical;4051;0;0.0;4051
cvlt18z_wais4;categorical;4051;0;0.0;4051
tmta03_wais4;categorical;4051;0;0.0;4051
tmta04_wais4;categorical;4051;0;0.0;4051
tmta02a_wais4;categorical;4051;0;0.0;4051
tmtb03_wais4;categorical;4051;0;0.0;4051
tmtb02a_wais4;categorical;4051;0;0.0;4051
tmtb05a_wais4;categorical;4051;0;0.0;4051
tmtba02a_wais4;categorical;4051;0;0.0;4051
strooa03_wais4;categorical;4051;0;0.0;4051
strooa04_wais4;categorical;4051;0;0.0;4051
mat15_wais4;categorical;4051;0;0.0;4051
mat13_wais4;categorical;4051;0;0.0;4051
cclin08_wais4;numerical;4051;0;0.0;4051
trbapp09_wais4;categorical;4051;0;0.0;4051
cclin10_wais4;categorical;4051;0;0.0;4051
cclin11_wais4;categorical;4051;0;0.0;4051
cclin17_wais4;categorical;4051;0;0.0;4051
trbapp01_wais4;categorical;4051;0;0.0;4051
trbapp02_wais4;categorical;4051;0;0.0;4051
trbapp03_wais4;categorical;4051;0;0.0;4051
trbapp04_wais4;categorical;4051;0;0.0;4051
trbapp05_wais4;categorical;4051;0;0.0;4051
trbapp06_wais4;categorical;4051;0;0.0;4051
trbapp07_wais4;categorical;4051;0;0.0;4051
trbapp08_wais4;categorical;4051;0;0.0;4051
trbapp10_wais4;categorical;4051;0;0.0;4051
mat12_wais4;categorical;4051;0;0.0;4051
mat01_wais4;categorical;4051;0;0.0;4051
mat02_wais4;categorical;4051;0;0.0;4051
mat03_wais4;categorical;4051;0;0.0;4051
mat04_wais4;categorical;4051;0;0.0;4051
mat05_wais4;categorical;4051;0;0.0;4051
mat06_wais4;categorical;4051;0;0.0;4051
mat07_wais4;categorical;4051;0;0.0;4051
mat08_wais4;categorical;4051;0;0.0;4051
mat09_wais4;categorical;4051;0;0.0;4051
mat10_wais4;categorical;4051;0;0.0;4051
mat11_wais4;categorical;4051;0;0.0;4051
stroob03_wais4;categorical;4051;0;0.0;4051
stroob04_wais4;categorical;4051;0;0.0;4051
strooc03_wais4;categorical;4051;0;0.0;4051
msi06a_wais4;categorical;4051;0;0.0;4051
msd08_wais4;categorical;4051;0;0.0;4051
msi01a_wais4;categorical;4051;0;0.0;4051
msi01b_wais4;categorical;4051;0;0.0;4051
msi02a_wais4;categorical;4051;0;0.0;4051
msi02b_wais4;categorical;4051;0;0.0;4051
msi03a_wais4;categorical;4051;0;0.0;4051
msi03b_wais4;categorical;4051;0;0.0;4051
msi04a_wais4;categorical;4051;0;0.0;4051
msi04b_wais4;categorical;4051;0;0.0;4051
msi05a_wais4;categorical;4051;0;0.0;4051
msi05b_wais4;categorical;4051;0;0.0;4051
msi06b_wais4;categorical;4051;0;0.0;4051
fv04_wais4;categorical;4051;0;0.0;4051
msi07a_wais4;categorical;4051;0;0.0;4051
msi07b_wais4;categorical;4051;0;0.0;4051
msi08a_wais4;categorical;4051;0;0.0;4051
msi08b_wais4;categorical;4051;0;0.0;4051
msi01_wais4;categorical;4051;0;0.0;4051
msi02_wais4;categorical;4051;0;0.0;4051
msi03_wais4;categorical;4051;0;0.0;4051
msi04_wais4;categorical;4051;0;0.0;4051
msi05_wais4;categorical;4051;0;0.0;4051
msi06_wais4;categorical;4051;0;0.0;4051
msi07_wais4;categorical;4051;0;0.0;4051
msd07_wais4;categorical;4051;0;0.0;4051
msd06_wais4;categorical;4051;0;0.0;4051
msd05_wais4;categorical;4051;0;0.0;4051
msd04_wais4;categorical;4051;0;0.0;4051
fv06_wais4;categorical;4051;0;0.0;4051
fv07_wais4;categorical;4051;0;0.0;4051
fv17_wais4;categorical;4051;0;0.0;4051
fv18_wais4;categorical;4051;0;0.0;4051
msd01a_wais4;categorical;4051;0;0.0;4051
msd01b_wais4;categorical;4051;0;0.0;4051
msd02a_wais4;categorical;4051;0;0.0;4051
msd02b_wais4;categorical;4051;0;0.0;4051
msd03a_wais4;categorical;4051;0;0.0;4051
msd03b_wais4;categorical;4051;0;0.0;4051
msd04a_wais4;categorical;4051;0;0.0;4051
msd04b_wais4;categorical;4051;0;0.0;4051
msd05a_wais4;categorical;4051;0;0.0;4051
msd05b_wais4;categorical;4051;0;0.0;4051
msd06a_wais4;categorical;4051;0;0.0;4051
msd06b_wais4;categorical;4051;0;0.0;4051
msd07a_wais4;categorical;4051;0;0.0;4051
msd07b_wais4;categorical;4051;0;0.0;4051
msd08a_wais4;categorical;4051;0;0.0;4051
msd08b_wais4;categorical;4051;0;0.0;4051
msd01_wais4;categorical;4051;0;0.0;4051
msd02_wais4;categorical;4051;0;0.0;4051
msd03_wais4;categorical;4051;0;0.0;4051
cclin09_wais4;categorical;4051;0;0.0;4051
cclin07_wais4;categorical;4051;0;0.0;4051
cclin06_wais4;categorical;4051;0;0.0;4051
cvlt22_wais4;numerical;4051;0;0.0;4051
cvlt15_wais4;numerical;4051;0;0.0;4051
cvlt15z_wais4;numerical;4051;0;0.0;4051
cvlt16_wais4;numerical;4051;0;0.0;4051
cvlt17_wais4;numerical;4051;0;0.0;4051
cvlt18_wais4;numerical;4051;0;0.0;4051
cvlt19_wais4;numerical;4051;0;0.0;4051
cvlt19z_wais4;numerical;4051;0;0.0;4051
cvlt20_wais4;numerical;4051;0;0.0;4051
cvlt20z_wais4;numerical;4051;0;0.0;4051
cvlt21_wais4;numerical;4051;0;0.0;4051
cvlt21z_wais4;numerical;4051;0;0.0;4051
code01_wais4;numerical;4051;0;0.0;4051
ivt03_wais4;numerical;4051;0;0.0;4051
code02_wais4;numerical;4051;0;0.0;4051
code03_wais4;numerical;4051;0;0.0;4051
code04_wais4;numerical;4051;0;0.0;4051
code05_wais4;numerical;4051;0;0.0;4051
symbol01_wais4;numerical;4051;0;0.0;4051
symbol02_wais4;numerical;4051;0;0.0;4051
symbol03_wais4;numerical;4051;0;0.0;4051
symbol04_wais4;numerical;4051;0;0.0;4051
symbol05_wais4;numerical;4051;0;0.0;4051
ivt04_wais4;numerical;4051;0;0.0;4051
ivt01_wais4;numerical;4051;0;0.0;4051
cvlt14_wais4;numerical;4051;0;0.0;4051
cvlt13z_wais4;numerical;4051;0;0.0;4051
cvlt13_wais4;numerical;4051;0;0.0;4051
cvlt12z_wais4;numerical;4051;0;0.0;4051
mat_tot_wais4;numerical;4051;0;0.0;4051
mat_std_wais4;numerical;4051;0;0.0;4051
mat_cr_wais4;numerical;4051;0;0.0;4051
cvlt01_wais4;numerical;4051;0;0.0;4051
cvlt01z_wais4;numerical;4051;0;0.0;4051
cvlt02_wais4;numerical;4051;0;0.0;4051
cvlt03_wais4;numerical;4051;0;0.0;4051
cvlt04_wais4;numerical;4051;0;0.0;4051
cvlt05_wais4;numerical;4051;0;0.0;4051
cvlt05z_wais4;numerical;4051;0;0.0;4051
cvlt06_wais4;numerical;4051;0;0.0;4051
cvlt06z_wais4;numerical;4051;0;0.0;4051
cvlt07_wais4;numerical;4051;0;0.0;4051
cvlt07z_wais4;numerical;4051;0;0.0;4051
cvlt08_wais4;numerical;4051;0;0.0;4051
cvlt08z_wais4;numerical;4051;0;0.0;4051
cvlt09_wais4;numerical;4051;0;0.0;4051
cvlt09z_wais4;numerical;4051;0;0.0;4051
cvlt10_wais4;numerical;4051;0;0.0;4051
cvlt10z_wais4;numerical;4051;0;0.0;4051
cvlt11_wais4;numerical;4051;0;0.0;4051
cvlt11z_wais4;numerical;4051;0;0.0;4051
cvlt12_wais4;numerical;4051;0;0.0;4051
ivt02_wais4;numerical;4051;0;0.0;4051
tmta01_wais4;numerical;4051;0;0.0;4051
cclin05_wais4;categorical;4051;0;0.0;4051
fv19_wais4;numerical;4051;0;0.0;4051
strooi03_wais4;numerical;4051;0;0.0;4051
fv01_wais4;numerical;4051;0;0.0;4051
fv02_wais4;numerical;4051;0;0.0;4051
fv03_wais4;numerical;4051;0;0.0;4051
fv05_wais4;numerical;4051;0;0.0;4051
fv08_wais4;numerical;4051;0;0.0;4051
fv12_wais4;numerical;4051;0;0.0;4051
fv13_wais4;numerical;4051;0;0.0;4051
fv14_wais4;numerical;4051;0;0.0;4051
fv15_wais4;numerical;4051;0;0.0;4051
fv16_wais4;numerical;4051;0;0.0;4051
msdtot_wais4;numerical;4051;0;0.0;4051
tmta01a_wais4;numerical;4051;0;0.0;4051
msdstd_wais4;numerical;4051;0;0.0;4051
msdcr_wais4;numerical;4051;0;0.0;4051
msitot_wais4;numerical;4051;0;0.0;4051
msistd_wais4;numerical;4051;0;0.0;4051
msicr_wais4;numerical;4051;0;0.0;4051
mstbrut_wais4;numerical;4051;0;0.0;4051
mststd_wais4;numerical;4051;0;0.0;4051
mstcr_wais4;numerical;4051;0;0.0;4051
cclin02_wais4;categorical;4051;0;0.0;4051
cclin03_wais4;categorical;4051;0;0.0;4051
cclin04_wais4;categorical;4051;0;0.0;4051
strooi02_wais4;numerical;4051;0;0.0;4051
strooi01_wais4;numerical;4051;0;0.0;4051
strooc06_wais4;numerical;4051;0;0.0;4051
strooc05_wais4;numerical;4051;0;0.0;4051
tmta01b_wais4;numerical;4051;0;0.0;4051
tmta02b_wais4;numerical;4051;0;0.0;4051
tmtb01_wais4;numerical;4051;0;0.0;4051
tmtb01a_wais4;numerical;4051;0;0.0;4051
tmtb01b_wais4;numerical;4051;0;0.0;4051
tmtb04_wais4;numerical;4051;0;0.0;4051
tmtb02b_wais4;numerical;4051;0;0.0;4051
tmtba01_wais4;numerical;4051;0;0.0;4051
tmtba01a_wais4;numerical;4051;0;0.0;4051
tmtba01b_wais4;numerical;4051;0;0.0;4051
tmtba02_wais4;numerical;4051;0;0.0;4051
tmtba02b_wais4;numerical;4051;0;0.0;4051
strooa01_wais4;numerical;4051;0;0.0;4051
strooa02_wais4;numerical;4051;0;0.0;4051
strooa05_wais4;numerical;4051;0;0.0;4051
strooa06_wais4;numerical;4051;0;0.0;4051
stroob01_wais4;numerical;4051;0;0.0;4051
stroob02_wais4;numerical;4051;0;0.0;4051
stroob05_wais4;numerical;4051;0;0.0;4051
stroob06_wais4;numerical;4051;0;0.0;4051
strooc01_wais4;numerical;4051;0;0.0;4051
strooc02_wais4;numerical;4051;0;0.0;4051
strooc04_wais4;numerical;4051;0;0.0;4051
msi08_wais4;categorical;4051;0;0.0;4051
